step,system_total_stopped,system_total_waiting_time,system_mean_waiting_time,system_mean_speed,TL_stopped,TL_accumulated_waiting_time,TL_average_speed,agents_total_stopped,agents_total_accumulated_waiting_time
5.0,0,0,0.0,0.0,0,0.0,1.0,0,0.0
10.0,0,0,0.0,0.0,0,0.0,1.0,0,0.0
15.0,0,0,0.0,0.0,0,0.0,1.0,0,0.0
20.0,0,0,0.0,0.0,0,0.0,1.0,0,0.0
25.0,0,0,0.0,0.0,0,0.0,1.0,0,0.0
30.0,0,0,0.0,0.0,0,0.0,1.0,0,0.0
35.0,0,0.0,0.0,10.326470140600577,0,0.0,0.7092750179479773,0,0.0
40.0,0,0.0,0.0,13.843449406174296,0,0.0,0.9503675587397662,0,0.0
45.0,0,0.0,0.0,14.246016158347784,0,0.0,0.9772239550483486,0,0.0
50.0,0,0.0,0.0,14.290885485101326,0,0.0,0.9803043486383496,0,0.0
55.0,0,0.0,0.0,14.313942100652794,0,0.0,0.98155758848371,0,0.0
60.0,0,0.0,0.0,13.590342587153629,0,0.0,0.8914801980063333,0,0.0
65.0,0,0.0,0.0,15.058570686012397,0,0.0,0.9774970822812615,0,0.0
70.0,0,0.0,0.0,15.230480879816477,0,0.0,0.987545487900031,0,0.0
75.0,0,0.0,0.0,15.13141883086997,0,0.0,0.9819787862326903,0,0.0
80.0,0,0.0,0.0,15.159763053253235,0,0.0,0.9828394056255304,0,0.0
85.0,0,0.0,0.0,15.307068632837636,0,0.0,0.9926012743738322,0,0.0
90.0,0,0.0,0.0,15.253660609790066,0,0.0,0.993990000388013,0,0.0
95.0,0,0.0,0.0,13.976547511032273,0,0.0,0.8720449535632012,0,0.0
100.0,0,0.0,0.0,14.852142692752043,0,0.0,0.9842074426461972,0,0.0
105.0,0,0.0,0.0,10.792933928139053,0,0.0,0.6127063144101397,0,0.0
110.0,1,5.0,1.0,11.11804605597365,1,5.0,0.652966269258612,1,5.0
115.0,1,10.0,1.6666666666666667,10.837610274518745,1,10.0,0.6803562037643666,1,10.0
120.0,1,15.0,2.5,11.32427733243616,1,15.0,0.7328252754327307,1,15.0
125.0,1,20.0,3.3333333333333335,11.229791286067128,1,20.0,0.7325605990086073,1,20.0
130.0,1,25.0,4.166666666666667,11.253698039155166,1,25.0,0.7304849453501812,1,25.0
135.0,1,30.0,5.0,11.274235932443004,1,30.0,0.7350996108127581,1,30.0
140.0,1,35.0,5.0,11.210434313527061,1,35.0,0.7251921957641632,1,35.0
145.0,1,40.0,8.0,10.801570404348988,1,40.0,0.7780302079528291,1,40.0
150.0,1,45.0,7.5,9.387915686914473,1,45.0,0.6719262669005307,1,45.0
155.0,2,53.0,6.625,9.86237590777013,2,53.0,0.7113949430772931,2,53.0
160.0,2,63.0,7.875,10.242951996154584,2,63.0,0.738465920433413,2,63.0
165.0,3,74.0,9.25,8.587582613978581,3,74.0,0.6138503010415588,3,74.0
170.0,3,89.0,9.88888888888889,8.902976596265262,3,89.0,0.6435386821426383,3,89.0
175.0,3,104.0,9.454545454545455,8.509715002314682,3,104.0,0.6121544108225293,3,104.0
180.0,4,123.0,9.461538461538462,9.05769672830692,4,123.0,0.6360076372652274,4,123.0
185.0,4,143.0,9.533333333333333,9.902484977903365,4,143.0,0.6915431099391399,4,143.0
190.0,4,163.0,10.1875,10.38288301926709,4,163.0,0.7205145292735509,4,163.0
195.0,4,183.0,10.764705882352942,10.189013924774466,4,183.0,0.7144177961393517,4,183.0
200.0,4,203.0,11.277777777777779,10.392208074047668,4,203.0,0.7347581797796752,4,203.0
205.0,4,223.0,11.736842105263158,10.145831763394526,4,223.0,0.7125156931140268,4,223.0
210.0,5,248.0,13.052631578947368,10.158411552448255,5,248.0,0.6966119108047858,5,248.0
215.0,5,273.0,13.65,10.156789587466083,5,273.0,0.6875027472967908,5,273.0
220.0,5,298.0,14.9,10.237363040393374,5,298.0,0.6931756190995325,5,298.0
225.0,5,323.0,15.380952380952381,9.85758075815172,5,323.0,0.6741192447636417,5,323.0
230.0,6,351.0,15.26086956521739,9.722417749874202,6,351.0,0.6317349039751305,6,351.0
235.0,7,382.0,15.916666666666666,9.472772233210003,7,382.0,0.5861999722295204,7,382.0
240.0,4,218.0,9.083333333333334,9.239761818144629,4,218.0,0.6496329819712408,4,218.0
245.0,4,238.0,9.153846153846153,10.112008523185228,4,238.0,0.7237916355611914,4,238.0
250.0,4,258.0,9.923076923076923,10.795992219096084,4,258.0,0.7201445268221718,4,258.0
255.0,5,280.0,10.37037037037037,10.560886939566739,5,280.0,0.6135171148800505,5,280.0
260.0,6,310.0,11.481481481481481,10.573018343532008,6,310.0,0.6148570130052884,6,310.0
265.0,7,341.0,12.62962962962963,9.947642516983224,7,341.0,0.5647757894044021,7,341.0
270.0,4,338.0,12.518518518518519,10.38064768966691,4,338.0,0.7027143499223186,4,338.0
275.0,4,358.0,12.344827586206897,10.65883887719912,4,358.0,0.6923546167213659,4,358.0
280.0,6,382.0,12.733333333333333,10.534189534211974,6,382.0,0.6393473175177401,6,382.0
285.0,6,412.0,14.206896551724139,10.221424038508102,6,412.0,0.6506244514966888,6,412.0
290.0,6,422.0,15.62962962962963,9.000203493545127,6,422.0,0.5784985286164102,6,422.0
295.0,7,457.0,16.925925925925927,8.706224339966173,7,457.0,0.5158625940826744,7,457.0
300.0,6,470.0,16.20689655172414,8.81449422939011,6,470.0,0.5767191948981653,6,470.0
305.0,7,503.0,20.12,8.52166993890323,7,503.0,0.5533799399267294,7,503.0
310.0,5,510.0,21.25,8.968403733963822,5,516.0,0.5934305255605774,5,516.0
315.0,6,536.0,21.44,9.27444415503899,6,536.0,0.566236474621651,6,536.0
320.0,4,538.0,20.692307692307693,9.75562635859523,4,538.0,0.6435484418637663,4,538.0
325.0,6,563.0,21.653846153846153,9.543766052837857,6,563.0,0.5597777435625548,6,563.0
330.0,5,585.0,21.666666666666668,9.506037458766876,5,585.0,0.5327974846602855,5,585.0
335.0,6,613.0,19.774193548387096,10.165101053904877,6,613.0,0.6128355408385334,6,613.0
340.0,5,635.0,21.166666666666668,10.437005324979658,5,635.0,0.6700234603714811,5,635.0
345.0,5,660.0,22.0,10.798563543142642,5,660.0,0.676473320715717,5,660.0
350.0,5,685.0,22.833333333333332,10.898439973821949,5,685.0,0.6970640624255702,5,685.0
355.0,5,710.0,20.88235294117647,11.338805427843798,5,710.0,0.7382071710330386,5,710.0
360.0,5,735.0,21.0,11.18402765788653,5,735.0,0.7220346334969772,5,735.0
365.0,4,718.0,22.4375,11.234927861175965,4,718.0,0.7708525559456614,4,718.0
370.0,5,739.0,23.09375,10.865845371994752,5,739.0,0.725513780814677,5,739.0
375.0,5,764.0,21.82857142857143,10.882186647146323,5,764.0,0.7244372183034907,5,764.0
380.0,6,791.0,22.6,10.835085631483786,6,791.0,0.7246271225103587,6,791.0
385.0,6,821.0,24.87878787878788,10.761101540266397,6,821.0,0.7272283221801175,6,821.0
390.0,6,851.0,25.78787878787879,10.166113529878096,6,851.0,0.6862113432185168,6,851.0
395.0,9,891.0,27.0,9.216949060065096,9,891.0,0.612792319730565,9,891.0
400.0,10,940.0,29.375,8.731973578309296,10,940.0,0.5806274995827497,10,940.0
405.0,11,985.0,28.970588235294116,7.884183565986478,11,989.0,0.5359212552877409,11,989.0
410.0,13,1046.0,31.696969696969695,7.538056990496297,13,1050.0,0.5276187840285885,13,1050.0
415.0,13,1111.0,31.742857142857144,7.253491634151739,13,1115.0,0.4978126949545869,13,1115.0
420.0,13,1170.0,34.411764705882355,6.813847651030315,13,1177.0,0.47065092831666383,13,1177.0
425.0,14,1237.0,35.34285714285714,7.280787078044837,14,1244.0,0.5003323765362973,14,1244.0
430.0,14,1307.0,36.30555555555556,7.798346872558554,14,1314.0,0.5242457023322494,14,1314.0
435.0,14,1377.0,37.21621621621622,7.950751563397242,14,1384.0,0.4906835136411388,14,1384.0
440.0,14,1447.0,38.078947368421055,8.070808355736927,14,1454.0,0.5140766603724843,14,1454.0
445.0,14,1517.0,38.8974358974359,7.90711332932241,14,1524.0,0.48815369396550956,14,1524.0
450.0,15,1590.0,39.75,7.994474164715527,15,1597.0,0.4833546770286148,15,1597.0
455.0,15,1665.0,39.642857142857146,7.967157880618641,15,1672.0,0.5078168064021275,15,1672.0
460.0,15,1740.0,38.666666666666664,8.258170569654286,15,1747.0,0.5060801154477107,15,1747.0
465.0,15,1815.0,37.8125,8.834538942331827,15,1822.0,0.560013092498955,15,1822.0
470.0,15,1890.0,36.34615384615385,9.010374575572426,15,1897.0,0.5847732405603772,15,1897.0
475.0,16,1966.0,38.549019607843135,8.798193443481807,16,1973.0,0.5460883382282443,16,1973.0
480.0,16,2046.0,37.888888888888886,8.923933117945786,16,2053.0,0.5654184415944138,16,2053.0
485.0,16,2126.0,39.370370370370374,8.933347344928196,16,2133.0,0.5689935384196309,16,2133.0
490.0,17,2209.0,39.44642857142857,8.931082518707203,17,2216.0,0.5826476759650384,17,2216.0
495.0,18,2296.0,41.0,8.814440942685229,18,2303.0,0.5775417792174581,18,2303.0
500.0,18,2386.0,42.607142857142854,8.818954889763997,18,2393.0,0.585362330823407,18,2393.0
505.0,18,2476.0,42.689655172413794,8.838476012729098,18,2483.0,0.5898431921280767,18,2483.0
510.0,9,1728.0,27.870967741935484,8.836344910938822,9,1891.0,0.6337806380260637,9,1891.0
515.0,10,1778.0,30.135593220338983,9.177193794749892,10,1777.0,0.6931904632104595,10,1777.0
520.0,11,1816.0,29.29032258064516,9.44516637047634,11,1817.0,0.6700037973213041,11,1817.0
525.0,13,1874.0,30.721311475409838,9.602669428036922,13,1874.0,0.6216718026908202,13,1874.0
530.0,15,1946.0,30.88888888888889,9.817027663112123,15,1946.0,0.6007917693326736,15,1946.0
535.0,16,2023.0,31.609375,9.813030859575846,16,2023.0,0.5883613263234985,16,2023.0
540.0,18,2107.0,32.41538461538462,9.429743755622697,18,2107.0,0.5527035937222439,18,2107.0
545.0,12,2054.0,31.6,9.327538184104588,12,2080.0,0.582598489575315,12,2080.0
550.0,15,2120.0,31.176470588235293,9.22396479313552,15,2120.0,0.5546164621921821,15,2120.0
555.0,17,2097.0,29.957142857142856,9.319231403340257,17,2097.0,0.5469157809166805,17,2097.0
560.0,19,2189.0,31.271428571428572,9.34833582231515,19,2190.0,0.5332700748094609,19,2190.0
565.0,15,527.0,7.319444444444445,9.122245264261558,15,1483.0,0.5155210975352084,15,1483.0
570.0,11,143.0,1.9589041095890412,8.97055455749092,11,958.0,0.5037596196509704,11,958.0
575.0,17,189.0,2.739130434782609,8.45373091208242,17,1017.0,0.4819647120058342,17,1017.0
580.0,23,293.0,4.3088235294117645,8.496659989146343,23,1121.0,0.48373232833662605,23,1121.0
585.0,17,342.0,5.34375,8.487915549247115,17,835.0,0.5107929420886849,17,835.0
590.0,15,396.0,6.387096774193548,8.640875295194856,15,680.0,0.5296340864885942,15,680.0
595.0,8,154.0,2.4444444444444446,8.70705308663538,8,506.0,0.564997870260837,8,506.0
600.0,12,211.0,3.403225806451613,8.668227853920703,12,487.0,0.5332367100107436,12,487.0
605.0,7,59.0,0.9516129032258065,9.182796931123201,7,379.0,0.5783947441227615,7,379.0
610.0,7,94.0,1.540983606557377,10.200473728209307,7,369.0,0.6586192592194755,7,369.0
615.0,8,121.0,1.890625,10.12187929680539,8,388.0,0.6325767307349447,8,388.0
620.0,9,166.0,2.4776119402985075,10.830805791327988,9,433.0,0.6567823939783602,9,433.0
625.0,9,181.0,2.701492537313433,10.63826365982503,9,456.0,0.664258690992496,9,456.0
630.0,10,230.0,3.3333333333333335,10.366796163516725,10,505.0,0.6114313276210663,10,505.0
635.0,15,297.0,4.304347826086956,10.246411232341492,15,572.0,0.5747419363805132,15,572.0
640.0,15,372.0,5.314285714285714,10.448126832346064,15,646.0,0.5939882665657322,15,646.0
645.0,15,447.0,6.385714285714286,10.514489211829611,15,721.0,0.5917739226029145,15,721.0
650.0,15,522.0,7.1506849315068495,10.649292635291975,15,796.0,0.6056302750662437,15,796.0
655.0,15,597.0,8.178082191780822,10.547629351043428,15,871.0,0.6364364919674124,15,871.0
660.0,15,672.0,9.6,10.553755410277184,15,946.0,0.6456985934446444,15,946.0
665.0,15,747.0,11.318181818181818,10.034678917147488,15,1021.0,0.6311350481519407,15,1021.0
670.0,16,827.0,14.016949152542374,9.167314968597653,16,1101.0,0.5803040413765201,16,1101.0
675.0,20,919.0,15.576271186440678,8.33168336762965,20,1197.0,0.5005673743024511,20,1197.0
680.0,21,1023.0,16.770491803278688,8.350788487508405,21,1301.0,0.5087396121611171,21,1301.0
685.0,22,1132.0,17.6875,8.239368554286617,22,1410.0,0.5024900314912508,22,1410.0
690.0,25,1251.0,18.671641791044777,8.208212631227854,25,1529.0,0.5290606330000778,25,1529.0
695.0,11,756.0,10.216216216216216,8.78391436973319,11,1298.0,0.6358570387062334,11,1298.0
700.0,12,790.0,10.533333333333333,9.329834611055151,12,1178.0,0.6859494597249686,12,1178.0
705.0,15,635.0,8.037974683544304,9.442372245771834,15,1093.0,0.6606407726874991,15,1093.0
710.0,17,716.0,8.95,9.98661759280805,17,1098.0,0.6694039598935984,17,1098.0
715.0,15,752.0,8.952380952380953,10.152693325916035,15,1143.0,0.6769490574384576,15,1143.0
720.0,16,832.0,9.563218390804598,10.410109643652126,16,1214.0,0.6878484197773377,16,1214.0
725.0,17,916.0,10.528735632183908,10.612951205739177,17,1298.0,0.6924085695324678,17,1298.0
730.0,19,1004.0,11.540229885057471,10.261765849607325,19,1386.0,0.6576614372940468,19,1386.0
735.0,23,1107.0,12.3,9.606152336091963,23,1489.0,0.5904953721150541,23,1489.0
740.0,22,1195.0,12.98913043478261,9.356069185924751,22,1582.0,0.5967128050881598,22,1582.0
745.0,24,1312.0,14.10752688172043,9.275189409126972,24,1694.0,0.5753029047699967,24,1694.0
750.0,11,954.0,10.369565217391305,9.007511085739747,11,1466.0,0.5576113292526099,11,1466.0
755.0,12,982.0,11.03370786516854,9.120939723856612,12,1348.0,0.5946636480443127,12,1348.0
760.0,17,1031.0,11.584269662921349,8.512531579682685,17,1400.0,0.49384380570676545,17,1400.0
765.0,25,1148.0,13.195402298850574,8.722550510586972,25,1511.0,0.5064095356563176,25,1511.0
770.0,14,1127.0,12.954022988505747,8.698829691762336,14,1500.0,0.5160535391919047,14,1500.0
775.0,13,1168.0,12.835164835164836,9.371603026980912,13,1503.0,0.5669897836735819,13,1503.0
780.0,16,1214.0,13.195652173913043,9.424207889149688,16,1549.0,0.5693974338642284,16,1549.0
785.0,19,1306.0,13.74736842105263,9.886972318234266,19,1641.0,0.5941928757427568,19,1641.0
790.0,12,1308.0,13.484536082474227,10.055484340988372,12,1648.0,0.6322429212243759,12,1648.0
795.0,11,1352.0,13.254901960784315,10.505134232101858,11,1650.0,0.6655618224469171,11,1650.0
800.0,15,1350.0,13.106796116504855,10.425669503842048,15,1679.0,0.6284983140587547,15,1679.0
805.0,19,1443.0,13.485981308411215,10.59105365941333,19,1741.0,0.6504296268407712,19,1741.0
810.0,10,1435.0,13.666666666666666,10.97471865277492,10,1757.0,0.7288138314487975,10,1757.0
815.0,11,1488.0,14.17142857142857,11.043991684195968,11,1776.0,0.7357916449631913,11,1776.0
820.0,10,1496.0,14.11320754716981,11.17000370331789,10,1784.0,0.7846221507703057,10,1784.0
825.0,12,1551.0,14.495327102803738,11.14146303615938,12,1838.0,0.7482007998423176,12,1838.0
830.0,9,1576.0,15.300970873786408,11.068037360263986,9,1853.0,0.7788043178616427,9,1853.0
835.0,12,1632.0,16.15841584158416,11.062737300803946,12,1907.0,0.7552931918422942,12,1907.0
840.0,12,1686.0,16.86,10.6564574831136,12,1961.0,0.7078497611276485,12,1961.0
845.0,17,1767.0,18.216494845360824,10.183070500536791,17,2042.0,0.6316850483619769,17,2042.0
850.0,15,1820.0,18.762886597938145,10.138441393502582,15,2099.0,0.670960538774953,15,2099.0
855.0,17,1898.0,19.770833333333332,10.092200642271658,17,2173.0,0.6454266468998433,17,2173.0
860.0,15,1970.0,20.520833333333332,9.991317887452459,15,2249.0,0.6316430396432947,15,2249.0
865.0,19,2059.0,21.447916666666668,10.16433451889158,19,2334.0,0.5908112073027126,19,2334.0
870.0,16,2130.0,22.1875,10.2413466719527,16,2405.0,0.6003350315631528,16,2405.0
875.0,16,2210.0,23.763440860215052,10.172379694833358,16,2485.0,0.5616541940753164,16,2485.0
880.0,17,2216.0,24.08695652173913,10.06788464329596,17,2527.0,0.5618943361967836,17,2527.0
885.0,19,2308.0,24.5531914893617,9.883979372227701,19,2583.0,0.5354942264700014,19,2583.0
890.0,17,880.0,9.361702127659575,9.804507638124317,17,1888.0,0.5504121819632365,17,1888.0
895.0,10,126.0,1.3404255319148937,10.207484966223436,10,1431.0,0.5948359171128419,10,1431.0
900.0,16,194.0,2.042105263157895,10.114930109782447,16,1499.0,0.5799709582575344,16,1499.0
905.0,25,299.0,2.99,9.73245085520191,25,1604.0,0.5460316355215863,25,1604.0
910.0,19,244.0,2.515463917525773,9.646123803558543,19,1613.0,0.574929296535369,19,1613.0
915.0,19,339.0,3.3564356435643563,9.852605789248475,19,1667.0,0.6206225449506423,19,1667.0
920.0,20,435.0,4.35,10.318824387017441,20,1741.0,0.6640725669003443,20,1741.0
925.0,12,268.0,2.627450980392157,10.57078850343561,12,1614.0,0.7153029122618307,12,1614.0
930.0,12,328.0,3.313131313131313,10.885476224799552,12,1650.0,0.7541118633352418,12,1650.0
935.0,15,385.0,4.052631578947368,10.666949437581929,14,1706.0,0.7302027306958525,14,1706.0
940.0,15,459.0,4.731958762886598,10.455087429250458,15,1781.0,0.681629708421903,15,1781.0
945.0,14,514.0,5.14,10.635931792372219,14,1818.0,0.721000853275333,14,1818.0
950.0,17,590.0,5.673076923076923,10.670702955826584,17,1891.0,0.6982146509498539,17,1891.0
955.0,19,682.0,6.5576923076923075,10.542475536107137,19,1983.0,0.6697334995077168,19,1983.0
960.0,14,724.0,6.766355140186916,10.464831631182246,14,2033.0,0.6777937002003329,14,2033.0
965.0,18,806.0,7.394495412844036,10.292430205303901,18,2107.0,0.6677358234808862,18,2107.0
970.0,17,874.0,7.945454545454545,10.031321436447554,17,2182.0,0.6443033711692367,17,2182.0
975.0,20,973.0,8.6875,10.182486107548005,20,2274.0,0.6448804134872228,20,2274.0
980.0,17,1022.0,9.207207207207206,9.92794361445368,17,2334.0,0.6353377010739202,17,2334.0
985.0,19,1114.0,9.68695652173913,10.259062605766886,19,2415.0,0.6561844628441691,19,2415.0
990.0,15,1169.0,10.345132743362832,10.390567154204035,15,2473.0,0.6850004158461666,15,2473.0
995.0,16,1249.0,11.252252252252251,10.498026199150722,16,2550.0,0.6732917999421442,16,2550.0
1000.0,17,1150.0,10.267857142857142,10.420878070637757,17,2484.0,0.6525793055476371,17,2484.0
1005.0,20,1245.0,10.732758620689655,10.481993627856657,20,2546.0,0.6567035309473847,20,2546.0
1010.0,18,685.0,6.008771929824562,10.310142301053007,18,1958.0,0.6409338871525305,18,1958.0
1015.0,15,174.0,1.5,10.224386883760094,15,1429.0,0.6295542237952764,15,1429.0
1020.0,13,113.0,0.9338842975206612,9.810085297442802,13,1384.0,0.6216048557092839,13,1384.0
1025.0,25,220.0,1.76,9.85618180634597,25,1482.0,0.6164696359636889,25,1482.0
1030.0,14,135.0,1.0975609756097562,10.13061084865847,14,1480.0,0.6734060916933459,14,1480.0
1035.0,13,185.0,1.4919354838709677,10.797059780694907,13,1481.0,0.7302514464886797,13,1481.0
1040.0,18,245.0,2.0081967213114753,10.71191363964437,18,1536.0,0.7083887950672464,18,1536.0
1045.0,21,344.0,2.819672131147541,10.81971879756567,21,1635.0,0.6801533797836095,21,1635.0
1050.0,12,341.0,2.865546218487395,10.670405788858764,12,1649.0,0.7126252164877536,12,1649.0
1055.0,16,412.0,3.46218487394958,10.592944400048369,16,1679.0,0.7039984229607518,16,1679.0
1060.0,15,462.0,3.8181818181818183,10.402849042907643,15,1737.0,0.7061028157643126,15,1737.0
1065.0,18,546.0,4.475409836065574,10.487696224454016,18,1813.0,0.6985954566279058,18,1813.0
1070.0,15,585.0,4.68,10.379936497767853,15,1854.0,0.6948994027377419,15,1854.0
1075.0,17,659.0,5.272,10.421642562301253,17,1915.0,0.6854146623015835,17,1915.0
1080.0,21,678.0,5.296875,10.295906387689723,21,1940.0,0.6358431222729242,21,1940.0
1085.0,26,801.0,6.2578125,10.06243522852666,26,2057.0,0.6023747630723776,26,2057.0
1090.0,27,515.0,3.992248062015504,9.626690109765097,27,1552.0,0.5498335889589896,27,1552.0
1095.0,25,309.0,2.340909090909091,9.50412779001274,25,1227.0,0.5648753009284215,25,1227.0
1100.0,17,205.0,1.626984126984127,9.316298513915257,17,1253.0,0.5739383106797096,17,1253.0
1105.0,27,323.0,2.503875968992248,9.224627370157684,27,1314.0,0.5724759721031907,27,1314.0
1110.0,21,162.0,1.2755905511811023,9.3890039655656,21,1295.0,0.5977482411124186,21,1295.0
1115.0,20,234.0,1.872,9.777178881538198,20,1296.0,0.6333396321882306,20,1296.0
1120.0,24,293.0,2.253846153846154,9.474889525771578,24,1327.0,0.5918386484305302,24,1327.0
1125.0,33,442.0,3.3740458015267176,9.149531771759992,33,1471.0,0.5431862747877729,33,1471.0
1130.0,19,451.0,3.6370967741935485,9.096300778605277,19,1507.0,0.5698560188602344,19,1507.0
1135.0,18,517.0,4.103174603174603,9.68201464879035,18,1532.0,0.6254519511044054,18,1532.0
1140.0,20,380.0,3.015873015873016,9.724323822411197,20,1119.0,0.5962666653874229,20,1119.0
1145.0,19,251.0,1.9763779527559056,9.980298548611456,19,851.0,0.617665558816947,19,851.0
1150.0,24,192.0,1.465648854961832,9.53291674506203,24,872.0,0.555841753199777,24,872.0
1155.0,32,332.0,2.4776119402985075,9.26265564239951,32,970.0,0.5208565671953819,32,970.0
1160.0,27,361.0,2.7142857142857144,9.287870565014305,27,1030.0,0.5580929791275911,27,1030.0
1165.0,29,503.0,3.8396946564885495,9.374674568457946,29,1153.0,0.5732501927733615,29,1153.0
1170.0,17,235.0,1.7537313432835822,9.197095510329895,17,1069.0,0.567318584542539,17,1069.0
1175.0,16,292.0,2.162962962962963,9.769912006016714,16,1001.0,0.6261146058808509,16,1001.0
1180.0,20,341.0,2.544776119402985,9.88331019492157,20,1045.0,0.631404647980936,20,1045.0
1185.0,25,458.0,3.3925925925925924,9.982372973739148,25,1152.0,0.603222619931955,25,1152.0
1190.0,16,446.0,3.404580152671756,9.989786186629459,16,1112.0,0.6292192569412307,16,1112.0
1195.0,15,508.0,3.937984496124031,10.252473110807118,15,1126.0,0.6523893912289618,15,1126.0
1200.0,21,575.0,4.52755905511811,10.158189794040105,21,1193.0,0.6359176901795888,21,1193.0
1205.0,24,690.0,5.18796992481203,10.444879041248342,24,1305.0,0.6430176484380195,24,1305.0
1210.0,15,706.0,5.3893129770992365,10.657644547647857,15,1330.0,0.6989817866841468,15,1330.0
1215.0,16,783.0,5.7153284671532845,10.891271248033492,16,1376.0,0.7203760004935604,16,1376.0
1220.0,20,869.0,5.9520547945205475,10.914382303217925,20,1462.0,0.7019195079259501,20,1462.0
1225.0,21,974.0,6.7172413793103445,11.0414554713326,21,1567.0,0.6854307693854188,21,1567.0
1230.0,19,1041.0,7.382978723404255,10.828547300221405,19,1622.0,0.6775560260775889,19,1622.0
1235.0,22,1148.0,8.318840579710145,10.848546487709259,22,1728.0,0.6716873824414119,22,1728.0
1240.0,25,1149.0,8.266187050359711,10.403866678525302,25,1747.0,0.6294106265417921,25,1747.0
1245.0,27,1282.0,9.567164179104477,10.311113969333952,27,1862.0,0.6327907640210604,27,1862.0
1250.0,20,1288.0,9.266187050359711,10.555822300445918,20,1923.0,0.6805821231007627,20,1923.0
1255.0,22,1392.0,9.942857142857143,10.623781480259396,22,1999.0,0.6868051708079023,22,1999.0
1260.0,24,1454.0,10.385714285714286,10.27559164607855,24,2062.0,0.6687936090974248,24,2062.0
1265.0,27,1581.0,11.456521739130435,10.278204752277814,27,2189.0,0.658075239669049,27,2189.0
1270.0,22,1655.0,11.573426573426573,10.02432153030297,22,2246.0,0.642176896220146,22,2246.0
1275.0,25,1776.0,12.776978417266188,10.11798374839413,25,2356.0,0.6538812301405187,25,2356.0
1280.0,25,1876.0,13.794117647058824,9.845820010713297,25,2457.0,0.6433338831860335,25,2457.0
1285.0,29,2014.0,14.385714285714286,9.89418491439497,29,2594.0,0.6185134824142686,29,2594.0
1290.0,29,2061.0,15.043795620437956,9.864318310688274,29,2682.0,0.6011004663206281,29,2682.0
1295.0,34,2212.0,15.913669064748202,9.550878677721446,34,2812.0,0.5631652192586448,34,2812.0
1300.0,36,1494.0,10.52112676056338,8.922010656444687,36,2526.0,0.5077493096419672,36,2526.0
1305.0,34,783.0,5.475524475524476,9.140031262187227,34,2252.0,0.5360754102149086,34,2252.0
1310.0,36,550.0,3.767123287671233,8.703562504789884,36,2391.0,0.48864599357323707,36,2391.0
1315.0,42,657.0,4.469387755102041,8.509733586122808,42,2574.0,0.47074665312452146,42,2574.0
1320.0,37,444.0,2.9403973509933774,8.301047944739322,37,2586.0,0.48248371315114597,37,2586.0
1325.0,38,579.0,3.86,8.54356667556783,38,2610.0,0.5122290933561072,38,2610.0
1330.0,35,399.0,2.5576923076923075,8.601404634046439,35,2619.0,0.5325591236695121,35,2619.0
1335.0,36,545.0,3.4713375796178343,9.188782653657176,36,2662.0,0.5794768834990277,36,2662.0
1340.0,34,623.0,3.968152866242038,9.29499569492563,34,2722.0,0.585894939839586,34,2722.0
1345.0,35,788.0,5.083870967741936,9.301393395865858,35,2828.0,0.5804023270104994,35,2828.0
1350.0,34,882.0,5.7272727272727275,9.217471984968121,34,2900.0,0.5710862407760732,34,2900.0
1355.0,38,1065.0,6.826923076923077,9.311092598031118,38,3050.0,0.5500491214303261,38,3050.0
1360.0,39,1071.0,6.821656050955414,9.334958352004248,39,3158.0,0.540532473202434,39,3158.0
1365.0,41,1267.0,8.070063694267516,9.379064972780764,41,3290.0,0.5287050302367478,41,3290.0
1370.0,37,1274.0,7.815950920245399,8.93141545685719,37,3358.0,0.4965059926749063,37,3358.0
1375.0,40,1444.0,8.698795180722891,9.070501417649272,40,3477.0,0.513219160697115,40,3477.0
1380.0,36,1487.0,9.012121212121212,8.812278951611022,36,3560.0,0.49537297498913724,36,3560.0
1385.0,42,1690.0,10.432098765432098,8.835582766185597,42,3704.0,0.47947258666661896,42,3704.0
1390.0,49,1441.0,9.062893081761006,8.221301167087955,49,3363.0,0.4017559251240842,49,3363.0
1395.0,47,1062.0,6.679245283018868,8.3105594319889,47,3081.0,0.4270623175991704,47,3081.0
1400.0,40,548.0,3.425,8.249753130521531,40,3188.0,0.4178987559078118,40,3188.0
1405.0,46,625.0,3.8580246913580245,8.430362664889167,46,3362.0,0.44388875539913875,46,3362.0
1410.0,43,547.0,3.462025316455696,8.015595956329006,43,3426.0,0.4395487596742684,43,3426.0
1415.0,47,670.0,4.213836477987422,8.286272742571013,47,3537.0,0.47744449556400514,47,3537.0
1420.0,38,441.0,2.672727272727273,8.284420950240275,38,3582.0,0.4859119668179425,38,3582.0
1425.0,43,636.0,3.8313253012048194,8.657987030175113,43,3641.0,0.5060533026381012,43,3641.0
1430.0,51,696.0,4.167664670658683,8.53551133424567,51,3386.0,0.4818191271250686,51,3386.0
1435.0,46,686.0,3.9653179190751446,8.899016520872948,46,3182.0,0.5069328245888703,46,3182.0
1440.0,40,671.0,3.878612716763006,8.78711916953029,40,2691.0,0.5278364294626631,40,2691.0
1445.0,41,689.0,3.9826589595375723,8.793387998667935,41,2788.0,0.5367607038099727,41,2788.0
1450.0,49,873.0,4.988571428571428,8.481345388341479,49,2931.0,0.5101540614514216,49,2931.0
1455.0,51,753.0,4.278409090909091,7.809175886687138,51,2957.0,0.4667741033420074,51,2957.0
1460.0,51,844.0,4.795454545454546,7.944819423851405,51,3011.0,0.4762115325887895,51,3011.0
1465.0,46,519.0,2.9157303370786516,7.879613604107768,46,2917.0,0.46681028186703116,46,2917.0
1470.0,41,575.0,3.1944444444444446,8.327686287558883,41,2920.0,0.4991546848607672,41,2920.0
1475.0,44,652.0,3.662921348314607,7.727167422531501,44,2936.0,0.4431951154116838,44,2936.0
1480.0,52,876.0,4.813186813186813,7.972780549186394,52,3042.0,0.4704245114084078,52,3042.0
1485.0,44,948.0,5.29608938547486,7.953732261588555,44,3062.0,0.4753392923537574,44,3062.0
1490.0,43,1086.0,5.9021739130434785,8.253045252434024,43,3130.0,0.48658567959304927,43,3130.0
1495.0,48,1206.0,6.414893617021277,8.081763599692575,48,3218.0,0.461443021274334,48,3218.0
1500.0,50,1417.0,7.577540106951871,8.339459022586908,50,3408.0,0.4842367654324485,50,3408.0
1505.0,45,1508.0,7.978835978835979,8.36118024929175,45,3497.0,0.4747682382117933,45,3497.0
1510.0,46,1652.0,8.604166666666666,8.6559702412294,46,3581.0,0.4872376699091345,46,3581.0
1515.0,45,1765.0,9.051282051282051,8.628082211780937,45,3752.0,0.4791914132594939,45,3752.0
1520.0,46,1960.0,10.051282051282051,8.755043529345288,46,3915.0,0.49684397367787564,46,3915.0
1525.0,40,2023.0,10.427835051546392,8.66885309626965,40,4006.0,0.49386889293176117,40,4006.0
1530.0,47,2237.0,11.41326530612245,8.880149736584759,47,4146.0,0.5150560310288782,47,4146.0
1535.0,44,2372.0,12.354166666666666,8.694006856629448,44,4295.0,0.4955225082889537,44,4295.0
1540.0,51,2587.0,13.266666666666667,8.789053177825666,51,4454.0,0.49151215822933647,51,4454.0
1545.0,46,2723.0,13.752525252525253,8.68035224273064,46,4569.0,0.48485858658571834,46,4569.0
1550.0,52,2965.0,15.050761421319796,8.775409725762366,52,4772.0,0.49144523271479323,52,4772.0
1555.0,54,2859.0,14.366834170854272,8.807872531291148,54,4843.0,0.4958634201366277,54,4843.0
1560.0,52,2948.0,15.195876288659793,8.938883233624443,52,4938.0,0.5113056527464321,52,4938.0
1565.0,54,2987.0,15.476683937823834,8.421278063137843,54,5075.0,0.4685230001668271,54,5075.0
1570.0,53,3164.0,16.479166666666668,8.52371022917957,53,5230.0,0.4830680786950824,53,5230.0
1575.0,48,3248.0,16.82901554404145,8.4058705263069,48,5381.0,0.48647777874463427,48,5381.0
1580.0,52,3470.0,17.88659793814433,8.360173965823591,52,5564.0,0.48608631893852516,52,5564.0
1585.0,58,2914.0,14.791878172588833,8.278835820432523,58,5248.0,0.47253398947192704,58,5248.0
1590.0,59,2111.0,10.715736040609137,8.262051133509518,59,4975.0,0.45829042247012447,59,4975.0
1595.0,54,1032.0,5.185929648241206,7.97165791427029,54,5069.0,0.44217003225269247,54,5069.0
1600.0,57,823.0,4.115,7.937358230746026,57,5172.0,0.44569743814652135,57,5172.0
1605.0,54,664.0,3.3535353535353534,7.484473624011557,54,5240.0,0.43054263001676474,54,5240.0
1610.0,54,767.0,3.913265306122449,7.565158495357081,54,5335.0,0.43473361669676835,54,5335.0
1615.0,53,589.0,3.051813471502591,7.3561996713810975,53,5416.0,0.4300842851386321,53,5416.0
1620.0,61,724.0,3.6751269035532994,7.578522925673039,61,5516.0,0.4415067948083109,61,5516.0
1625.0,60,996.0,5.134020618556701,7.99506123969257,60,5632.0,0.4615729514002834,60,5632.0
1630.0,52,1092.0,5.6,8.085440271222193,52,5732.0,0.44575428847248566,52,5732.0
1635.0,52,1216.0,6.141414141414141,7.971595304899606,52,5843.0,0.4222656220822051,52,5843.0
1640.0,62,1365.0,6.85929648241206,7.7627454808665695,62,6001.0,0.4014571635237216,62,6001.0
1645.0,71,1624.0,8.160804020100503,7.729822075623541,71,6244.0,0.39181191688700256,71,6244.0
1650.0,71,1867.0,9.288557213930348,7.627319047552511,71,6461.0,0.39855596409407973,71,6461.0
1655.0,66,2112.0,10.455445544554456,7.498647311205238,66,6695.0,0.3892271601774674,66,6695.0
1660.0,59,2011.0,9.762135922330097,7.678234151018208,59,6815.0,0.403770392882272,59,6815.0
1665.0,54,2092.0,10.057692307692308,7.913863317874429,54,6911.0,0.41813248341977555,54,6911.0
1670.0,67,1958.0,9.368421052631579,7.767619306488683,67,6545.0,0.39502709583700213,67,6545.0
1675.0,73,1587.0,7.703883495145631,7.750920624902752,73,6244.0,0.3835420351238678,73,6244.0
1680.0,69,1362.0,6.548076923076923,7.783634660327151,69,6500.0,0.39869292628214476,69,6500.0
1685.0,65,1075.0,5.295566502463054,7.512267076618027,65,6764.0,0.39772626870005295,65,6764.0
1690.0,70,1015.0,5.075,6.786631546278256,70,6897.0,0.3726931443228402,70,6897.0
1695.0,69,1024.0,5.069306930693069,6.87023352961794,69,7066.0,0.38649993930755344,69,7066.0
1700.0,60,737.0,3.5776699029126213,7.039422711089628,60,7077.0,0.3955454153862383,60,7077.0
1705.0,54,708.0,3.4705882352941178,7.036535921370081,54,7071.0,0.3953300766306137,54,7071.0
1710.0,64,889.0,4.336585365853659,6.895060617432751,64,7194.0,0.3694708819800987,64,7194.0
1715.0,69,1134.0,5.504854368932039,7.233035502043194,69,7385.0,0.39086509650443496,69,7385.0
1720.0,65,1264.0,5.990521327014218,7.252813852596967,65,7406.0,0.40199223520754135,65,7406.0
1725.0,60,1428.0,6.865384615384615,7.497264362526495,60,7477.0,0.42232028728636306,60,7477.0
1730.0,66,1646.0,7.727699530516432,7.553450852438111,66,7616.0,0.4159793838120452,66,7616.0
1735.0,69,1890.0,8.513513513513514,7.752191992645176,69,7825.0,0.432408743691501,69,7825.0
1740.0,59,2024.0,8.916299559471366,8.007467009161468,59,7935.0,0.45334011640903366,59,7935.0
1745.0,57,2223.0,9.79295154185022,8.02671166418574,57,8034.0,0.4390118307969363,57,8034.0
1750.0,69,2455.0,10.767543859649123,7.801149311423158,69,8202.0,0.4145584547305827,69,8202.0
1755.0,70,2710.0,11.681034482758621,8.118432167526596,70,8419.0,0.4276727491186488,70,8419.0
1760.0,63,2869.0,12.208510638297872,8.191698836285337,63,8585.0,0.44186336217619526,63,8585.0
1765.0,60,3067.0,12.88655462184874,8.315056179212727,60,8747.0,0.45770508387937703,60,8747.0
1770.0,69,3305.0,14.063829787234043,8.057454984863048,69,8952.0,0.4411367122961467,69,8952.0
1775.0,71,3559.0,15.14468085106383,8.0314443475492,71,9197.0,0.4338467746659356,71,9197.0
1780.0,74,3458.0,14.529411764705882,8.085076909261549,74,9337.0,0.43154646820052106,74,9337.0
1785.0,85,3546.0,15.025423728813559,7.514974158997633,85,9552.0,0.3871472507307617,85,9552.0
1790.0,99,3367.0,14.327659574468084,7.064389764854562,99,9201.0,0.358068612318118,99,9201.0
1795.0,99,2897.0,12.433476394849786,6.936105162232268,99,8900.0,0.3539268753634841,99,8900.0
1800.0,86,2277.0,9.689361702127659,6.960791022768007,86,9182.0,0.3730637349791415,86,9182.0
1805.0,73,1676.0,7.131914893617021,6.927054718882366,73,9433.0,0.37183181661175735,73,9433.0
1810.0,72,1075.0,4.594017094017094,6.514420311428445,72,9464.0,0.35540464867190613,72,9464.0
1815.0,64,670.0,2.851063829787234,6.5459401822971275,64,9504.0,0.3594468061617326,64,9504.0
1820.0,73,740.0,3.0833333333333335,6.552026684061431,73,9040.0,0.3591466665197818,73,9040.0
1825.0,93,990.0,4.142259414225942,6.288830023963993,93,8749.0,0.34728398489760703,93,8749.0
1830.0,105,1167.0,4.782786885245901,6.009378051861253,105,9009.0,0.341261122644911,105,9009.0
1835.0,112,1460.0,5.983606557377049,5.9492067683708445,112,9395.0,0.34359421715984323,112,9395.0
1840.0,116,1967.0,7.805555555555555,6.045980119373338,116,9728.0,0.35265485255874696,116,9728.0
1845.0,110,1993.0,7.78515625,6.004990532510828,110,9986.0,0.3526447287086892,110,9986.0
1850.0,99,2051.0,7.918918918918919,6.389292859758983,99,10235.0,0.38414816042120975,99,10235.0
1855.0,94,1726.0,6.587786259541985,6.382823005677578,94,10236.0,0.3781123726843609,94,10236.0
1860.0,85,1264.0,4.787878787878788,6.489780079346736,85,10239.0,0.3768119861382189,85,10239.0
1865.0,75,1097.0,4.12406015037594,6.445573674985481,75,10359.0,0.3708265719100253,75,10359.0
1870.0,81,1361.0,5.1358490566037736,6.189814126002613,81,10568.0,0.35548838157912077,81,10568.0
1875.0,89,1608.0,5.955555555555556,6.170951269674081,89,10555.0,0.3566170195330298,89,10555.0
1880.0,90,1842.0,6.797047970479705,5.99627515189768,90,10614.0,0.3364539320579246,90,10614.0
1885.0,92,1858.0,6.805860805860806,5.997993160927186,92,10265.0,0.32056979422020193,92,10265.0
1890.0,112,1862.0,6.697841726618705,5.884395632035534,112,10020.0,0.3028627486739682,112,10020.0
1895.0,112,1738.0,6.055749128919861,5.832388029434731,112,10279.0,0.3006921566039596,112,10279.0
1900.0,102,1534.0,5.2714776632302405,6.2530437935442444,102,10532.0,0.33740503785420156,102,10532.0
1905.0,92,1327.0,4.498305084745763,6.38161550796298,92,10560.0,0.3472703688061537,92,10560.0
1910.0,87,1041.0,3.528813559322034,6.357478988204166,87,10580.0,0.3397856258799255,87,10580.0
1915.0,84,1019.0,3.4659863945578233,6.193874685140052,84,10701.0,0.33895807412625456,84,10701.0
1920.0,83,1221.0,4.016447368421052,6.6213268169378825,83,10824.0,0.36645311460080454,83,10824.0
1925.0,90,1421.0,4.613636363636363,6.659265599597755,90,10805.0,0.37078024074885274,90,10805.0
1930.0,99,1691.0,5.490259740259741,6.607402152395347,99,10853.0,0.3577096839863781,99,10853.0
1935.0,94,1882.0,6.130293159609121,6.442705390353969,94,11037.0,0.3545494415766628,94,11037.0
1940.0,90,2109.0,6.825242718446602,6.367678692475277,90,11222.0,0.3444697736121944,90,11222.0
1945.0,92,2325.0,7.548701298701299,6.185717690241528,92,11319.0,0.32868440120941084,92,11319.0
1950.0,100,2581.0,8.141955835962145,6.286978341026887,100,11416.0,0.3290911128241645,100,11416.0
1955.0,93,2793.0,8.755485893416928,6.250115397771475,93,11630.0,0.3187683022092638,93,11630.0
1960.0,94,3058.0,9.586206896551724,6.317612876084935,94,11825.0,0.32142049270634876,94,11825.0
1965.0,98,3300.0,10.3125,6.265736428477391,98,11952.0,0.3240653631382185,98,11952.0
1970.0,106,3598.0,11.139318885448917,6.16777350501632,106,12230.0,0.318675697586794,106,12230.0
1975.0,104,3832.0,11.682926829268293,5.967215262322146,104,12576.0,0.30466440889583607,104,12576.0
1980.0,99,4069.0,12.367781155015198,6.119202150433351,99,12811.0,0.3158900881316082,99,12811.0
1985.0,99,4324.0,13.142857142857142,6.012202870860471,99,13038.0,0.3096692398913183,99,13038.0
1990.0,111,4648.0,14.170731707317072,5.773345146989378,111,13270.0,0.2907303578296219,111,13270.0
1995.0,108,4886.0,14.498516320474778,5.846741479111877,108,13600.0,0.30508065137620993,108,13600.0
2000.0,106,5158.0,15.170588235294117,6.012062973002402,106,13923.0,0.3156647335405335,106,13923.0
2005.0,103,5418.0,16.125,5.822716917519861,103,14259.0,0.3067868259900948,103,14259.0
2010.0,114,5743.0,17.092261904761905,5.690938894121671,114,14470.0,0.29399817345648654,114,14470.0
2015.0,111,6011.0,17.83679525222552,5.588961113825977,111,14806.0,0.28434089484609654,111,14806.0
2020.0,106,6286.0,18.708333333333332,5.595254646085866,106,15175.0,0.28995558451976416,106,15175.0
2025.0,104,6549.0,19.205278592375368,5.62849702118235,104,15474.0,0.29117651897620705,104,15474.0
2030.0,110,6889.0,19.73925501432665,5.6167807685087325,110,15727.0,0.28802490152743127,110,15727.0
2035.0,131,6548.0,18.602272727272727,5.592648324174062,131,15353.0,0.27857714851582493,131,15353.0
2040.0,134,6019.0,17.002824858757062,5.5363919617195085,134,15043.0,0.27197813260528375,134,15043.0
2045.0,154,4281.0,12.161931818181818,5.16658022773731,154,15306.0,0.25395085158863184,154,15306.0
2050.0,170,3399.0,9.683760683760683,4.950055219589897,170,15707.0,0.2429399366078464,170,15707.0
2055.0,178,3049.0,8.5406162464986,4.973128086561827,178,16253.0,0.24721086903233447,178,16253.0
2060.0,169,2685.0,7.5,5.023775489497505,169,16808.0,0.2613130919693093,169,16808.0
2065.0,148,2166.0,6.050279329608938,4.838861179041821,148,17132.0,0.25142844281601473,148,17132.0
2070.0,138,1948.0,5.441340782122905,4.83917113390661,138,17464.0,0.2517858695981802,138,17464.0
2075.0,141,1759.0,4.886111111111111,4.87062115220834,141,17157.0,0.2504499786635428,141,17157.0
2080.0,154,1709.0,4.682191780821918,4.785500298987313,154,16944.0,0.2472343463709709,154,16944.0
2085.0,162,1895.0,5.163487738419619,4.6687086744943045,162,17302.0,0.23874376932127284,162,17302.0
2090.0,181,2369.0,6.472677595628415,4.393013720986502,181,17836.0,0.22212719150137264,181,17836.0
2095.0,190,2608.0,7.067750677506775,4.205525582602155,190,18322.0,0.21613417307257698,190,18322.0
2100.0,197,2802.0,7.59349593495935,4.2059780023900295,197,18831.0,0.22316011513448306,197,18831.0
2105.0,172,2426.0,6.401055408970977,4.349513309779129,172,19241.0,0.22965234409294624,172,19241.0
2110.0,163,2173.0,5.703412073490814,4.45735034166174,163,19569.0,0.22914624864393748,163,19569.0
2115.0,150,2037.0,5.3046875,4.479911876868512,150,19874.0,0.2294483643620421,150,19874.0
2120.0,151,2018.0,5.214470284237726,4.418304576585814,151,20188.0,0.22022782620134773,151,20188.0
2125.0,141,1903.0,4.892030848329049,4.380439402117097,141,20380.0,0.22214623984634743,141,20380.0
2130.0,124,2160.0,5.468354430379747,4.7247075736879385,124,20515.0,0.2474360795599464,124,20515.0
2135.0,146,2371.0,5.942355889724311,4.646985097983837,146,20200.0,0.23919364199943902,146,20200.0
2140.0,178,2680.0,6.683291770573566,4.631931524101204,178,20067.0,0.2349521405763041,178,20067.0
2145.0,178,2741.0,6.767901234567901,4.591749320490991,178,20445.0,0.23208106115996469,178,20445.0
2150.0,175,2745.0,6.646489104116223,4.642946527331503,175,20809.0,0.23264089619225992,175,20809.0
2155.0,161,2406.0,5.755980861244019,4.626238215544979,161,21042.0,0.2317721206277919,161,21042.0
2160.0,155,2147.0,5.185990338164252,4.655100019684159,155,21273.0,0.2350932034260518,155,21273.0
2165.0,155,2058.0,4.865248226950355,4.733942515548466,155,21515.0,0.23749605633634252,155,21515.0
2170.0,158,2187.0,5.170212765957447,4.652491716687382,158,21792.0,0.23321077766340692,158,21792.0
2175.0,157,2290.0,5.41371158392435,4.4722677222233695,157,22095.0,0.2192337870083966,157,22095.0
2180.0,139,2465.0,5.706018518518518,4.631272837230022,139,22231.0,0.23475952193681043,139,22231.0
2185.0,154,2728.0,6.300230946882217,4.5360911308849445,154,21928.0,0.22798238817963629,154,21928.0
2190.0,183,3107.0,7.175519630484988,4.325871801808458,183,21821.0,0.21224123504730527,183,21821.0
2195.0,215,3140.0,7.3023255813953485,4.015999488280846,215,22343.0,0.19477444706852312,215,22343.0
2200.0,216,3177.0,7.2534246575342465,4.060357847078236,216,22956.0,0.199213389625981,216,22956.0
2205.0,219,3173.0,7.130337078651685,3.993409320663375,219,23406.0,0.1992357197561663,219,23406.0
2210.0,226,3377.0,7.487804878048781,4.060709800164568,226,23884.0,0.20781215062220376,226,23884.0
2215.0,225,3136.0,6.984409799554566,3.8830297210528624,225,24171.0,0.19249077260684394,225,24171.0
2220.0,219,2845.0,6.2803532008830025,4.035756647416357,219,24548.0,0.20651448584307042,219,24548.0
2225.0,197,2652.0,5.790393013100437,4.050081394107448,197,25028.0,0.20906734092510715,197,25028.0
2230.0,189,2726.0,5.938997821350762,4.002955147501922,189,25358.0,0.21541059533624848,189,25358.0
2235.0,178,2704.0,5.815053763440861,4.04663743077175,178,25531.0,0.21617942130205284,178,25531.0
2240.0,169,2732.0,5.800424628450106,4.224678116698046,169,25911.0,0.22932065269054785,169,25911.0
2245.0,168,2753.0,5.820295983086681,4.197485040706132,168,25782.0,0.22491928032119565,168,25782.0
2250.0,181,2963.0,6.237894736842105,3.9554670763059336,181,25814.0,0.20169570408812654,181,25814.0
2255.0,211,3182.0,6.698947368421052,3.773561209231113,211,26408.0,0.18605242419489001,211,26408.0
2260.0,236,3422.0,7.0995850622406635,3.6131633224910353,236,27197.0,0.17514750195120043,236,27197.0
2265.0,243,3322.0,6.82135523613963,3.50935553445813,243,27669.0,0.17698458482430515,243,27669.0
2270.0,248,3545.0,7.2792607802874745,3.44260262456204,248,28195.0,0.17132602215577628,248,28195.0
2275.0,255,3440.0,6.9776876267748476,3.358332129761818,255,28564.0,0.16083636892586867,255,28564.0
2280.0,258,3364.0,6.809716599190283,3.3139676288849946,258,28980.0,0.15851019481389836,258,28980.0
2285.0,248,3192.0,6.461538461538462,3.2984834570321135,248,29766.0,0.16491290743101428,248,29766.0
2290.0,234,3050.0,6.112224448897796,3.3832568257784446,234,30145.0,0.17000235782310522,234,30145.0
2295.0,210,3024.0,5.894736842105263,3.630441828022123,210,30379.0,0.1885922072504919,210,30379.0
2300.0,194,3039.0,5.900970873786408,3.762985681095816,194,30535.0,0.194858123287599,194,30535.0
2305.0,196,3065.0,5.916988416988417,3.7398742273154495,196,30628.0,0.19366718965760799,196,30628.0
2310.0,196,3142.0,5.9620493358633775,3.7012929430181307,196,30753.0,0.19176449268269272,196,30753.0
2315.0,212,3179.0,5.953183520599251,3.750017246501363,212,31361.0,0.19439233589040716,212,31361.0
2320.0,238,3457.0,6.401851851851852,3.7101436531935934,238,32077.0,0.19187983529637642,238,32077.0
2325.0,253,3330.0,6.1213235294117645,3.596283079599781,253,32525.0,0.18369537594402835,253,32525.0
2330.0,263,3441.0,6.26775956284153,3.64070814266679,263,33048.0,0.18737013397905056,263,33048.0
2335.0,277,3446.0,6.254083484573503,3.3906471625523262,277,33323.0,0.17168641661201353,277,33323.0
2340.0,273,3424.0,6.125223613595707,3.424491038153916,273,33795.0,0.1681810267909801,273,33795.0
2345.0,278,3408.0,6.10752688172043,3.2947015808551074,278,34422.0,0.16438418265313184,278,34422.0
2350.0,251,3288.0,5.829787234042553,3.423908043591405,251,34989.0,0.1704705881449475,251,34989.0
2355.0,239,3307.0,5.801754385964912,3.484181966885862,239,35448.0,0.17929342061537543,239,35448.0
2360.0,226,3369.0,5.848958333333333,3.598646011549979,226,35711.0,0.18901871991546865,226,35711.0
2365.0,219,3368.0,5.81692573402418,3.5584982834803363,219,35927.0,0.18738264824855674,219,35927.0
2370.0,236,3544.0,5.936348408710217,3.665888937915891,236,36214.0,0.1927297687898737,236,36214.0
2375.0,239,3612.0,6.02,3.5417128757190652,239,36961.0,0.18567069694387398,239,36961.0
2380.0,262,3852.0,6.3355263157894735,3.4071617749901546,262,37832.0,0.176409320444386,262,37832.0
2385.0,272,3795.0,6.211129296235679,3.2632463201510093,272,38304.0,0.16811123714256307,272,38304.0
2390.0,282,3921.0,6.396411092985318,3.2897218570766045,282,38888.0,0.17402942377741687,282,38888.0
2395.0,296,3906.0,6.340909090909091,3.1167222811515356,296,39314.0,0.15892180178616191,296,39314.0
2400.0,307,3860.0,6.327868852459017,2.886400763048574,307,39879.0,0.14286718655785172,307,39879.0
2405.0,309,3815.0,6.2234910277324635,2.6866092972791145,309,40741.0,0.12643214220546944,309,40741.0
2410.0,317,4000.0,6.4935064935064934,2.6766307699207665,317,41362.0,0.12613606528274343,317,41362.0
2415.0,309,4142.0,6.713128038897893,2.531378522724958,309,41935.0,0.11756254172459132,309,41935.0
2420.0,281,4234.0,6.7744,2.746124916972424,281,42456.0,0.12944071662181225,281,42456.0
2425.0,268,4048.0,6.487179487179487,2.6236876728640603,268,42892.0,0.11771868392704457,268,42892.0
2430.0,265,4023.0,6.3454258675078865,2.7574455787003354,265,43330.0,0.12488191471395023,265,43330.0
2435.0,267,4159.0,6.518808777429467,2.753624346917671,267,44200.0,0.1292061228046057,267,44200.0
2440.0,270,4293.0,6.655813953488372,2.7901401783652524,270,45104.0,0.1332400303136902,270,45104.0
2445.0,287,4225.0,6.4701378254211335,2.744063942710639,287,45575.0,0.1307938931841041,287,45575.0
2450.0,280,4012.0,6.09726443768997,2.7816804752422537,280,46095.0,0.13052933324923643,280,46095.0
2455.0,301,3922.0,5.924471299093655,2.773423791959202,301,46655.0,0.1314097514168097,301,46655.0
2460.0,317,3934.0,5.906906906906907,2.8956151715413836,317,47154.0,0.13978992511211466,317,47154.0
2465.0,331,4002.0,6.0,2.788872105811309,331,47879.0,0.13352602798318267,331,47879.0
2470.0,336,4278.0,6.433082706766918,2.6728391086183465,336,48690.0,0.12461014821154665,336,48690.0
2475.0,330,4440.0,6.6566716641679164,2.5910385766683595,330,49273.0,0.1232973259950688,330,49273.0
2480.0,317,4553.0,6.785394932935916,2.6253240572108716,317,49816.0,0.12334378946178538,317,49816.0
2485.0,300,4464.0,6.632986627043091,2.5874886986934627,300,50383.0,0.12133303708853503,300,50383.0
2490.0,301,4533.0,6.695716395864106,2.6597473367428672,301,50959.0,0.12574129662661077,301,50959.0
2495.0,295,4800.0,7.007299270072993,2.646575439695388,295,50646.0,0.1224495509535279,295,50646.0
2500.0,302,5120.0,7.388167388167388,2.5774705870147216,302,51621.0,0.11896123133778803,302,51621.0
2505.0,313,5417.0,7.771879483500717,2.4873831542758182,313,52654.0,0.11660248228953897,313,52654.0
2510.0,323,5314.0,7.602288984263233,2.4029243527517976,323,53225.0,0.11424342908233047,323,53225.0
2515.0,328,5276.0,7.430985915492958,2.5100577999419365,328,53849.0,0.12421455512692058,328,53849.0
2520.0,342,5069.0,7.079608938547486,2.5134757525676057,342,54314.0,0.12392824711337892,342,54314.0
2525.0,353,4989.0,6.987394957983193,2.5101400000216954,353,54864.0,0.12381455171000766,353,54864.0
2530.0,364,5085.0,7.052704576976422,2.4755584836768394,364,55651.0,0.11798162314804995,364,55651.0
2535.0,380,5278.0,7.300138312586445,2.455162373838984,380,56522.0,0.11751155093126363,380,56522.0
2540.0,383,5523.0,7.586538461538462,2.493603382627175,383,57239.0,0.1212280693852561,383,57239.0
2545.0,373,5639.0,7.703551912568306,2.531728556085019,373,57944.0,0.11910113420995812,373,57944.0
2550.0,355,5574.0,7.5528455284552845,2.5269608247280084,355,58813.0,0.11883306229773415,355,58813.0
2555.0,351,5444.0,7.386702849389416,2.4610195086660007,351,59644.0,0.11300709686152065,351,59644.0
2560.0,342,5275.0,7.1187584345479085,2.384405562969423,342,60781.0,0.10810227510390828,342,60781.0
2565.0,333,5199.0,6.96916890080429,2.341849098473632,333,61887.0,0.10531198178092047,333,61887.0
2570.0,316,4862.0,6.508701472556894,2.2177291551015794,316,62333.0,0.1012234390531207,316,62333.0
2575.0,311,4672.0,6.2210386151797605,2.1665459456722056,311,62754.0,0.09656960403840036,311,62754.0
2580.0,313,4068.0,5.409574468085107,2.1136400655030614,313,63007.0,0.09803718559758529,313,63007.0
2585.0,314,3853.0,5.0898282694848085,2.232883248775633,314,63064.0,0.10267746434016004,314,63064.0
2590.0,339,3957.0,5.192913385826771,2.252036250559528,339,63809.0,0.10444429295441955,339,63809.0
2595.0,384,4336.0,5.638491547464239,2.247286548287828,384,64737.0,0.10490229313387985,384,64737.0
2600.0,417,4762.0,6.160413971539457,2.1644002674851093,417,66198.0,0.1035822555114576,417,66198.0
2605.0,437,5401.0,6.978036175710594,2.0659693639594194,437,67796.0,0.09881032415545549,437,67796.0
2610.0,438,5475.0,7.073643410852713,1.981024352243171,438,68744.0,0.0962162053785238,438,68744.0
2615.0,441,5566.0,7.117647058823529,1.983322636057171,441,69707.0,0.09592400865324101,441,69707.0
2620.0,421,5199.0,6.5561160151324085,2.0463453391220243,421,70465.0,0.09738781921336735,421,70465.0
2625.0,411,4964.0,6.205,2.1118188457016664,411,71177.0,0.09806902854998752,411,71177.0
2630.0,396,4675.0,5.821917808219178,2.062424304235804,396,71971.0,0.0930907738739309,396,71971.0
2635.0,391,4692.0,5.806930693069307,2.0998057763446876,391,72737.0,0.0964841349262039,391,72737.0
2640.0,385,4818.0,5.970260223048327,2.0339520435890908,385,73338.0,0.09429262999307918,385,73338.0
2645.0,377,5094.0,6.257985257985258,2.0766549931047225,377,73955.0,0.09535465529745835,377,73955.0
2650.0,366,5198.0,6.401477832512315,2.024923364759918,366,74854.0,0.09453604534847275,366,74854.0
2655.0,389,5534.0,6.748780487804878,2.0163600577318075,389,75833.0,0.08897831040743549,389,75833.0
2660.0,388,5533.0,6.666265060240963,2.0152333092459083,388,77178.0,0.08760811807206714,388,77178.0
2665.0,383,5567.0,6.619500594530321,2.0365376406229623,383,78513.0,0.08874073056689322,383,78513.0
2670.0,389,6051.0,7.13561320754717,2.0494143750926264,389,79563.0,0.089884394927736,389,79563.0
2675.0,393,6451.0,7.527421236872812,2.101329854331412,393,80639.0,0.09613003899853158,393,80639.0
2680.0,402,7320.0,8.5414235705951,1.998980651970515,402,81039.0,0.09235286983499115,402,81039.0
2685.0,414,8439.0,9.81279069767442,1.9590160738325875,414,82534.0,0.09443044975906002,414,82534.0
2690.0,439,9913.0,11.526744186046512,1.7388539847755422,439,84170.0,0.08537280179458731,439,84170.0
2695.0,468,10903.0,12.590069284064665,1.6759355478794553,468,85004.0,0.08293067920815578,468,85004.0
2700.0,481,11750.0,13.459335624284078,1.7463021756568382,481,85933.0,0.08803302855627665,481,85933.0
2705.0,516,12910.0,14.720638540478905,1.809989338155059,516,85651.0,0.09191471815188566,516,85651.0
2710.0,530,13183.0,14.896045197740113,1.871185017643938,530,86697.0,0.09330030819353276,530,86697.0
2715.0,548,12862.0,14.40313549832027,1.969657958003004,548,87849.0,0.09929307023761627,548,87849.0
2720.0,557,13024.0,14.519509476031216,1.908538378539356,557,89274.0,0.09069924473696057,557,89274.0
2725.0,569,13140.0,14.519337016574585,1.933530655184692,569,90761.0,0.08619247093216559,569,90761.0
2730.0,559,13169.0,14.314130434782609,2.040096503103239,559,92004.0,0.09220621052822357,559,92004.0
2735.0,503,12050.0,13.05525460455038,2.0448332044617916,503,92282.0,0.08979768426051263,503,92282.0
2740.0,480,11587.0,12.352878464818764,2.1107249163057875,480,93374.0,0.09229281462629929,480,93374.0
2745.0,469,11626.0,12.341825902335456,2.1867379078160143,469,94400.0,0.09737467068515347,469,94400.0
2750.0,440,11170.0,11.74553101997897,2.1792364103274,440,95117.0,0.09391256836241335,440,95117.0
2755.0,437,11191.0,11.681628392484342,2.2205212723044774,437,95872.0,0.09542678022073181,437,95872.0
2760.0,400,10274.0,10.792016806722689,1.9970520080530563,400,96756.0,0.08216895878256728,400,96756.0
2765.0,390,9953.0,10.42198952879581,2.022708271947878,390,97790.0,0.0864286643581812,390,97790.0
2770.0,363,9403.0,9.856394129979035,1.9436673757809353,363,98058.0,0.08419847326525758,363,98058.0
2775.0,348,9348.0,9.7375,1.9667446080142048,348,98296.0,0.08669033023299645,348,98296.0
2780.0,341,9221.0,9.555440414507771,1.9738923783897264,341,99231.0,0.08816731882902154,341,99231.0
2785.0,352,9338.0,9.656670113753878,1.8892624711269779,352,100154.0,0.08049247272993273,352,100154.0
2790.0,357,9112.0,9.413223140495868,1.7569347248075082,357,101228.0,0.07583704729023177,357,101228.0
2795.0,388,9070.0,9.389233954451345,1.6399776853324628,388,102525.0,0.07028070801375254,388,102525.0
2800.0,399,8661.0,8.938080495356036,1.5534341663315312,399,102898.0,0.06580955811325223,399,102898.0
2805.0,421,8300.0,8.539094650205762,1.5208997153515043,421,103226.0,0.06456142034249703,421,103226.0
2810.0,446,8599.0,8.828542094455852,1.615475709274862,446,102342.0,0.06858475061554434,446,102342.0
2815.0,476,9232.0,9.420408163265305,1.7974620796793586,476,101634.0,0.0786743780474823,476,101634.0
2820.0,494,10104.0,10.216380182002021,2.0435430451122545,494,100138.0,0.08653010293175871,494,100138.0
2825.0,503,10336.0,10.346346346346346,2.1795536184201483,503,100493.0,0.0957840356499209,503,100493.0
2830.0,511,10386.0,10.334328358208955,2.218425194258712,511,101351.0,0.09911064130580596,511,101351.0
2835.0,520,10506.0,10.36094674556213,2.1822566833065844,520,102564.0,0.0973669266157894,520,102564.0
2840.0,519,10639.0,10.430392156862744,2.1785525485400536,519,103820.0,0.09470949847377232,519,103820.0
2845.0,532,10998.0,10.719298245614034,2.11344188655203,532,105034.0,0.09018535995363684,532,105034.0
2850.0,517,11240.0,10.838958534233365,2.1220639070467087,517,105952.0,0.08572100479498088,517,105952.0
2855.0,496,11213.0,10.69942748091603,2.1582594612692763,496,106764.0,0.08511426456637107,496,106764.0
2860.0,485,11306.0,10.757373929590866,2.1780267368751116,485,107700.0,0.08638040344913755,485,107700.0
2865.0,452,11196.0,10.693409742120345,2.0512229094282324,452,107884.0,0.07775457730334588,452,107884.0
2870.0,408,10805.0,10.251423149905124,2.1826903770072406,408,107621.0,0.08827847366930823,408,107621.0
2875.0,422,10738.0,10.24618320610687,2.0941109942551255,422,108879.0,0.08594268110241102,422,108879.0
2880.0,444,10937.0,10.426120114394662,2.002758107638515,444,110107.0,0.08365857642992496,444,110107.0
2885.0,447,11297.0,10.76930409914204,1.86225477221687,447,110528.0,0.08032865994837207,447,110528.0
2890.0,443,11591.0,11.007597340930674,1.8137399454027558,443,111087.0,0.07732574911495024,443,111087.0
2895.0,462,11643.0,11.067490494296578,1.696563534135505,462,112369.0,0.07285840426094428,462,112369.0
2900.0,477,11636.0,11.008514664143803,1.658319224118366,477,113741.0,0.07239010565030055,477,113741.0
2905.0,502,11644.0,11.005671077504726,1.5550363460114136,502,115307.0,0.06813097584083588,502,115307.0
2910.0,518,11899.0,11.130963517305894,1.4762087700764113,518,117093.0,0.06464949156404383,518,117093.0
2915.0,529,11207.0,10.376851851851852,1.4762800094466388,529,118061.0,0.0676263268707808,529,118061.0
2920.0,541,10727.0,9.81427264409881,1.4871305694058052,541,119133.0,0.0697455961287246,541,119133.0
2925.0,554,10629.0,9.653950953678475,1.5889298270185774,554,118778.0,0.07314933007686385,554,118778.0
2930.0,555,10764.0,9.71480144404332,1.7211905993252583,555,118395.0,0.07579527730345216,555,118395.0
2935.0,572,11655.0,10.424865831842576,1.8466428724577049,572,117823.0,0.07597634565802339,572,117823.0
2940.0,579,12906.0,11.482206405693951,1.9430478142664118,579,118279.0,0.07695587166691902,579,118279.0
2945.0,590,14222.0,12.574712643678161,2.1800274647149056,590,117305.0,0.08218827448039338,590,117305.0
2950.0,603,15205.0,13.420123565754634,2.1152711691759682,603,119134.0,0.07964741535611292,603,119134.0
2955.0,626,16209.0,14.293650793650794,1.9706060799922624,626,121310.0,0.07330753688350028,626,121310.0
2960.0,609,17050.0,14.877835951134381,2.0501096216953387,609,122830.0,0.08093483592240203,609,122830.0
2965.0,593,18135.0,15.7012987012987,2.114052362650017,593,124476.0,0.08296472696502596,593,124476.0
2970.0,584,18309.0,15.75645438898451,2.0629695918907567,584,125076.0,0.0788012671261257,584,125076.0
2975.0,587,18182.0,15.553464499572284,2.0684010303784017,587,126014.0,0.07851636089541923,587,126014.0
2980.0,584,18136.0,15.408666100254885,2.131479072027424,584,124966.0,0.07709977363244597,584,124966.0
2985.0,577,18248.0,15.543441226575808,2.1658519895234534,577,124257.0,0.0761798046039512,577,124257.0
2990.0,568,17751.0,15.068760611205432,2.3150835658262525,568,122505.0,0.08389295777840039,568,122505.0
2995.0,521,15804.0,13.54241645244216,2.506652870332369,521,118618.0,0.09849193575404334,521,118618.0
3000.0,512,14538.0,12.489690721649485,2.4626179979538887,512,118683.0,0.09918975352577324,512,118683.0
3005.0,535,13720.0,11.83779119930975,2.3023498470303094,535,119396.0,0.09923259408143657,535,119396.0
3010.0,529,13704.0,11.793459552495698,2.2285320989797843,529,119903.0,0.0970814865109696,529,119903.0
3015.0,550,13931.0,11.968213058419243,2.157723415600669,550,120058.0,0.09152310824643393,550,120058.0
3020.0,535,13080.0,11.198630136986301,2.1409356654066087,535,121474.0,0.09196917843959662,535,121474.0
3025.0,568,14303.0,12.162414965986395,2.1290670495376864,568,122955.0,0.08958638570207529,568,122955.0
3030.0,599,15551.0,13.178813559322034,2.031523376668795,599,125238.0,0.08344268568823379,599,125238.0
3035.0,595,15861.0,13.384810126582279,1.8715036733275336,595,126307.0,0.07633352211085936,595,126307.0
3040.0,594,15971.0,13.454928390901433,1.8593849321507117,594,127763.0,0.07715993678342098,594,127763.0
3045.0,598,16490.0,13.974576271186441,1.8590147740639815,598,127445.0,0.07924913035410174,598,127445.0
3050.0,619,17408.0,14.740050804403047,1.9610287839839162,619,127673.0,0.08579837583475015,619,127673.0
3055.0,640,18253.0,15.547700170357752,1.9925363200066508,640,127857.0,0.08399165636639096,640,127857.0
3060.0,676,19597.0,16.664115646258505,2.128473432325609,676,127971.0,0.08842024949345736,676,127971.0
3065.0,681,20643.0,17.434966216216218,2.2420376627620087,681,128208.0,0.08919672137211906,681,128208.0
3070.0,669,20813.0,17.44593461860855,2.250281342154097,669,129244.0,0.09047721511274402,669,129244.0
3075.0,662,20561.0,17.249161073825505,2.148107970958067,662,130667.0,0.08549330282668728,662,130667.0
3080.0,659,20403.0,16.946013289036546,2.103963931755774,659,132370.0,0.08262226341373927,659,132370.0
3085.0,635,20328.0,16.81389578163772,2.1877475056489057,635,134822.0,0.08798686878998323,635,134822.0
3090.0,631,20498.0,16.856907894736842,2.2426192651523476,631,136325.0,0.0911974880223749,631,136325.0
3095.0,612,20426.0,16.687908496732025,2.2695981691113163,612,137447.0,0.09005748285920527,612,137447.0
3100.0,624,20682.0,16.82831570382425,2.1809535958495796,624,139463.0,0.08564737258932044,624,139463.0
3105.0,634,20684.0,16.80259951259139,1.9960360379128943,634,141306.0,0.07541632615220223,634,141306.0
3110.0,636,21161.0,17.359310910582444,1.7925143689990715,636,142337.0,0.06634336726285657,636,142337.0
3115.0,633,21535.0,17.70970394736842,1.7487815000665425,633,143571.0,0.06838945856102513,633,143571.0
3120.0,616,21261.0,17.484375,1.8121931894235923,616,142776.0,0.0752453215018076,616,142776.0
3125.0,585,20989.0,17.30338004946414,1.7659618296726831,585,144550.0,0.0735146843271523,585,144550.0
3130.0,598,21678.0,17.915702479338844,1.7507777263458917,598,146305.0,0.07829924079822506,598,146305.0
3135.0,627,22513.0,18.575082508250826,1.559350858110599,627,147850.0,0.0688577415379785,627,147850.0
3140.0,644,24296.0,19.963845521774857,1.5295561271997153,644,149597.0,0.06833735012052054,644,149597.0
3145.0,681,26387.0,21.487785016286644,1.5193680608538005,681,151991.0,0.06733959691384071,681,151991.0
3150.0,719,28690.0,23.32520325203252,1.4502149716617663,719,154539.0,0.06256763213760196,719,154539.0
3155.0,740,29957.0,24.35528455284553,1.3262923710013346,740,156502.0,0.055491137381737866,740,156502.0
3160.0,716,30108.0,24.39870340356564,1.3194572892229786,716,158621.0,0.05617230581809557,716,158621.0
3165.0,720,30933.0,24.986268174474958,1.3873823361136095,720,159226.0,0.05713562396532544,720,159226.0
3170.0,735,30736.0,24.707395498392284,1.3618934144663966,735,161013.0,0.05132094247497054,735,161013.0
3175.0,762,30467.0,24.510860820595333,1.296920015947911,762,163175.0,0.04728518981994502,762,163175.0
3180.0,751,27756.0,22.329847144006436,1.2137123784084647,751,165141.0,0.04807382424122429,751,165141.0
3185.0,730,24718.0,19.7744,1.2614842944204652,730,167323.0,0.05355420659356222,730,167323.0
3190.0,730,23381.0,18.556349206349207,1.3029328140238379,730,169113.0,0.05523053784757615,730,169113.0
3195.0,745,22710.0,17.938388625592417,1.3524225298190806,745,171031.0,0.0567131151012878,745,171031.0
3200.0,734,21277.0,16.76674546887313,1.3422364768399968,734,171214.0,0.05435094264937685,734,171214.0
3205.0,731,20170.0,15.869394177812746,1.3287881329784965,731,172388.0,0.0501431939439033,731,172388.0
3210.0,689,17811.0,13.93661971830986,1.413708507922099,689,173784.0,0.05220073282007081,689,173784.0
3215.0,674,16597.0,12.976544175136826,1.421249768163877,674,175345.0,0.053274984636950684,674,175345.0
3220.0,623,14720.0,11.508991399530883,1.5349393870302113,623,176893.0,0.060259727306859794,623,176893.0
3225.0,594,13555.0,10.598123534010947,1.5622068673839822,594,177825.0,0.06200608142494672,594,177825.0
3230.0,578,13115.0,10.262128325508607,1.5716656836297263,578,178764.0,0.06268418905984989,578,178764.0
3235.0,566,12388.0,9.670569867291178,1.581202314280838,566,180326.0,0.06424975787307889,566,180326.0
3240.0,574,11961.0,9.322681215900234,1.5455516662147775,574,182128.0,0.060303986135304286,574,182128.0
3245.0,576,11847.0,9.219455252918287,1.4651511176301188,576,182924.0,0.05760225562346134,576,182924.0
3250.0,570,11897.0,9.243978243978244,1.4663924816320484,570,183554.0,0.05819345227984912,570,183554.0
3255.0,583,11941.0,9.28538102643857,1.3614253978472641,583,184373.0,0.05409863240667935,583,184373.0
3260.0,601,12185.0,9.512099921935988,1.3216532399614835,601,185743.0,0.05376126142831012,601,185743.0
3265.0,606,12875.0,10.06645817044566,1.1983923044357097,606,187770.0,0.04744936862810939,606,187770.0
3270.0,630,14221.0,11.04972804972805,1.1882626232643938,630,189965.0,0.048803387223379756,630,189965.0
3275.0,657,14975.0,11.653696498054474,1.0826253704466995,657,191519.0,0.043406948627518586,657,191519.0
3280.0,646,15598.0,12.14797507788162,1.0228696173085083,646,192786.0,0.04040383341929536,646,192786.0
3285.0,645,15609.0,12.156542056074766,0.9977827068616677,645,193640.0,0.040948204412613,645,193640.0
3290.0,625,13954.0,10.876071706936866,1.0446390126227725,625,194540.0,0.04471758956745132,625,194540.0
3295.0,628,12674.0,9.83242823894492,1.0425913713222732,628,195759.0,0.04426917045153458,628,195759.0
3300.0,633,12007.0,9.300542215336948,1.1038501770021532,633,196872.0,0.04547252439439433,633,196872.0
3305.0,643,12490.0,9.622496147919877,1.2834730138581807,643,196030.0,0.05169810555266832,643,196030.0
3310.0,662,12346.0,9.496923076923077,1.3049962906810166,662,196131.0,0.05025310249638174,662,196131.0
3315.0,650,12251.0,9.438366718027735,1.3041036923207,650,197097.0,0.04924214529332355,650,197097.0
3320.0,639,12217.0,9.354517611026033,1.3590857471706164,639,198495.0,0.05322018659032265,639,198495.0
3325.0,613,12276.0,9.342465753424657,1.4178298074950526,613,199674.0,0.05584273441520567,613,199674.0
3330.0,592,12656.0,9.587878787878788,1.531100814146401,592,199322.0,0.06003164946845921,592,199322.0
3335.0,612,13171.0,9.9104589917231,1.6394597304698355,612,199565.0,0.06410190303807838,612,199565.0
3340.0,612,13949.0,10.519607843137255,1.6343361733019908,612,200620.0,0.06282369926965034,612,200620.0
3345.0,634,14808.0,11.125469571750564,1.5956507156880269,634,201839.0,0.060380010605323185,634,201839.0
3350.0,630,15477.0,11.601949025487256,1.5964979794746228,630,202486.0,0.06005437585620833,630,202486.0
3355.0,595,15460.0,11.571856287425149,1.6109765810952474,595,203328.0,0.06465234640578636,595,203328.0
3360.0,570,15609.0,11.683383233532934,1.643219272852809,570,203994.0,0.0667432722980446,570,203994.0
3365.0,583,15659.0,11.685820895522388,1.6148884777714736,583,204988.0,0.06689612112863279,583,204988.0
3370.0,582,15312.0,11.367483296213809,1.6057442247001938,582,206201.0,0.06609368670288386,582,206201.0
3375.0,592,15265.0,11.290680473372781,1.504245917337269,592,205840.0,0.06358633757994966,592,205840.0
3380.0,611,14817.0,10.967431532198372,1.405122572121579,611,207714.0,0.06070319707569286,611,207714.0
3385.0,604,14339.0,10.543382352941176,1.4285452638768612,604,209141.0,0.0609479250116001,604,209141.0
3390.0,630,14102.0,10.353891336270191,1.3133598874379757,630,210433.0,0.059026088464269856,630,210433.0
3395.0,641,14118.0,10.320175438596491,1.3301329449977999,641,210670.0,0.059136275210994904,641,210670.0
3400.0,664,14443.0,10.526967930029155,1.2758803890160222,664,211211.0,0.056349930866151136,664,211211.0
3405.0,689,14711.0,10.69890909090909,1.1791263689709537,689,212587.0,0.05183671748223062,689,212587.0
3410.0,732,15416.0,11.179115300942712,1.08520030127542,732,215039.0,0.04703467956872035,732,215039.0
3415.0,771,16633.0,12.035455861070911,1.0031465709494762,771,217764.0,0.04368982786697002,771,217764.0
3420.0,824,18284.0,13.210982658959537,0.9202663859530468,824,219614.0,0.03950058867156089,824,219614.0
3425.0,850,19049.0,13.68462643678161,0.8754758136848164,850,221847.0,0.03614292364009105,850,221847.0
3430.0,866,19821.0,14.218794835007174,0.8152035087405001,866,223850.0,0.03278662209076667,866,223850.0
3435.0,878,20119.0,14.339985744832502,0.8013499728554707,878,226021.0,0.031236794978987553,878,226021.0
3440.0,882,20340.0,14.415308291991495,0.8411567349945294,882,228320.0,0.030338247748175923,882,228320.0
3445.0,914,21230.0,15.014144271570014,0.7780501965521045,914,231675.0,0.02660819798874435,914,231675.0
3450.0,954,22170.0,15.667844522968197,0.7570560278169699,954,235292.0,0.02364610736025367,954,235292.0
3455.0,989,23679.0,16.698871650211565,0.743452272475322,989,238124.0,0.022415842831345706,989,238124.0
3460.0,986,24353.0,17.174188998589564,0.7017997635104576,986,240150.0,0.02029241243521311,986,240150.0
3465.0,969,25258.0,17.812411847672777,0.7412586497036221,969,243080.0,0.020660981894769063,969,243080.0
3470.0,979,26200.0,18.450704225352112,0.7598572666691804,979,245390.0,0.02142163544254629,979,245390.0
3475.0,971,26980.0,19.01338971106413,0.7996886587670471,971,247986.0,0.021764574883707113,971,247986.0
3480.0,971,27581.0,19.40957072484166,0.9315771455167802,971,247884.0,0.027102466358723126,971,247884.0
3485.0,966,28414.0,19.981715893108298,0.9587513140145402,966,250449.0,0.02607554693720304,966,250449.0
3490.0,907,28017.0,19.8,1.0047249588444533,907,251410.0,0.03237573246246298,907,251410.0
3495.0,883,28821.0,20.382602545968883,1.0640286129387933,883,253851.0,0.03543310471975438,883,253851.0
3500.0,833,28417.0,20.16820440028389,1.139256091713556,833,256136.0,0.04025131684492868,833,256136.0
3505.0,830,27717.0,19.657446808510638,1.1134289373260895,830,259600.0,0.0365844473902465,830,259600.0
3510.0,838,28058.0,19.955903271692744,1.055191552438565,838,263280.0,0.03245981945017048,838,263280.0
3515.0,830,28272.0,20.151104775481112,1.0085492187262788,830,265728.0,0.03163154329048945,830,265728.0
3520.0,761,27449.0,19.564504632929438,1.0900460607880282,761,267241.0,0.035276880258032974,761,267241.0
3525.0,740,26514.0,18.911554921540656,1.0851897093965313,740,268084.0,0.03282799437583854,740,268084.0
3530.0,763,27197.0,19.468146027201147,1.0664095327224838,763,269794.0,0.03329038929505739,763,269794.0
3535.0,750,28265.0,20.305316091954023,1.036734557918985,750,272553.0,0.03527449262659636,750,272553.0
3540.0,765,29334.0,21.11879049676026,0.9811741000624324,765,274834.0,0.03689925830822728,765,274834.0
3545.0,796,30781.0,22.1605471562275,0.8886047482301769,796,276674.0,0.033513642764701035,796,276674.0
3550.0,829,32152.0,23.048028673835127,0.8989112760614156,829,277759.0,0.035778018630862926,829,277759.0
3555.0,862,32995.0,23.754499640028797,0.7501732084836531,862,280284.0,0.030268976417552544,862,280284.0
3560.0,881,33188.0,23.876258992805756,0.6896018415455876,881,283467.0,0.02881270972026382,881,283467.0
3565.0,882,33074.0,23.794244604316546,0.6581477346858915,882,285544.0,0.029004330737614038,882,285544.0
3570.0,885,33144.0,23.725125268432354,0.7038110154710903,885,287391.0,0.029701277264246994,885,287391.0
3575.0,906,33917.0,24.27845382963493,0.7474544498549562,906,287107.0,0.030492164174320234,906,287107.0
3580.0,904,34249.0,24.446109921484656,0.8690322782426049,904,287327.0,0.03284252500469492,904,287327.0
3585.0,911,33725.0,24.03777619387028,0.9284664648178002,911,288031.0,0.0314322681062521,911,288031.0
3590.0,922,33130.0,23.63052781740371,0.964084102235013,922,289759.0,0.032432418092969144,922,289759.0
3595.0,892,32511.0,23.238741958541816,0.9853737656140311,892,291375.0,0.03266159275150904,892,291375.0
3600.0,898,32121.0,22.976394849785407,1.0526530174153133,898,292989.0,0.03444283190867323,898,292989.0
3605.0,901,31809.0,22.753218884120173,1.127371169141443,901,293241.0,0.03468632514691028,901,293241.0
3610.0,902,32311.0,23.06281227694504,1.2854737317492788,902,292530.0,0.038640286167189265,902,292530.0
3615.0,885,31199.0,22.285,1.3289737428343336,885,292557.0,0.03689858833491397,885,292557.0
3620.0,877,29383.0,20.942979330007127,1.395625091746298,877,294661.0,0.03966309413008308,877,294661.0
3625.0,864,29038.0,20.711840228245364,1.4223936231327015,864,296123.0,0.03901413295732598,864,296123.0
3630.0,799,27845.0,19.917739628040056,1.5109058041857688,799,298243.0,0.04473601021707317,799,298243.0
3635.0,763,27494.0,19.822638788752705,1.4774373681476838,763,299336.0,0.045595567088131214,763,299336.0
3640.0,746,27658.0,20.05656272661349,1.4501549360336428,746,300601.0,0.04632010804156313,746,300601.0
3645.0,702,27309.0,19.962719298245613,1.4009123580098028,702,301516.0,0.046534471549085236,702,301516.0
3650.0,667,27056.0,19.821245421245422,1.4432304648471048,667,302039.0,0.050528190330392055,667,302039.0
3655.0,642,26312.0,19.31864904552129,1.4132568954470686,642,302068.0,0.0495123187879994,642,302068.0
3660.0,593,25483.0,18.751287711552614,1.4654648409014623,593,301472.0,0.05129226679169523,593,301472.0
3665.0,554,24809.0,18.431649331352155,1.3915580535166536,554,302573.0,0.051308324224863686,554,302573.0
3670.0,558,24442.0,18.32233883058471,1.3320427404803832,558,302848.0,0.051104138981861724,558,302848.0
3675.0,531,24162.0,18.166917293233084,1.3632175436336276,531,301763.0,0.054873991758197044,531,301763.0
3680.0,555,24399.0,18.358916478555305,1.3378959903676806,555,300556.0,0.05317258745107524,555,300556.0
3685.0,575,25131.0,19.00983358547655,1.3012557086286833,575,298475.0,0.05350461204214913,575,298475.0
3690.0,582,26244.0,19.806792452830187,1.3218620694443681,582,296912.0,0.05316487007504246,582,296912.0
3695.0,606,27565.0,20.80377358490566,1.2896135254512964,606,294502.0,0.05050828761920316,606,294502.0
3700.0,637,28240.0,21.24905944319037,1.280808601917696,637,293402.0,0.05026506771124415,637,293402.0
3705.0,672,29331.0,22.003750937734434,1.2524986757842873,672,291745.0,0.048181746273154684,672,291745.0
3710.0,719,31639.0,23.68188622754491,1.2137441500212014,719,292292.0,0.047074310321967947,719,292292.0
3715.0,783,33902.0,25.33781763826607,1.1431550617214916,783,292273.0,0.04278247705782344,783,292273.0
3720.0,796,34328.0,25.752438109527382,1.0752872508898448,796,291074.0,0.04022417082686786,796,291074.0
3725.0,769,33665.0,25.255063765941486,1.1094412297359646,769,291598.0,0.04238664756826946,769,291598.0
3730.0,777,33856.0,25.34131736526946,1.235561202670964,777,289349.0,0.04632104260664234,777,289349.0
3735.0,814,33976.0,25.431137724550897,1.2057379757713687,814,291447.0,0.043359790005868204,814,291447.0
3740.0,856,34209.0,25.663165791447863,1.0995487882324249,856,294041.0,0.037101578626003655,856,294041.0
3745.0,850,34374.0,25.825694966190834,1.0296353049971598,850,295451.0,0.03375258773404577,850,295451.0
3750.0,829,34256.0,25.679160419790104,1.0512944300448535,829,294663.0,0.03427854736939221,829,294663.0
